image_id,caption,n,n_objects,n_relations,n_attributes,n_connected_components,hard_negs,x,y,width,height
15,red computer in a room,6,3,2,1,1,"['red picture in a room', 'photo computer in a room', 'red computer in a picture', 'red photo in a room', 'red computer in a photo']",1.0,3.0,797.0,595.0
249,painting hanging on wall and heater above floor,6,4,2,0,2,"['floor hanging on wall and heater above painting', 'painting hanging on floor and heater above wall', 'painting above wall and heater hanging on floor', 'wall hanging on painting and heater above floor', 'painting hanging on wall and floor above heater']",0.0,0.0,799.0,598.0
286,"a bowl on top of a table, and a basket of bread.",6,4,2,0,2,"['a bowl on top of a basket, and a table of bread.', 'a bowl on top of a bread, and a basket of table.', 'a bread on top of a table, and a basket of bowl.', 'a table on top of a bowl, and a basket of bread.', 'a basket on top of a table, and a bowl of bread.']",56.0,0.0,418.0,320.0
1150,there is a phone on the counter and a packet on the desk,6,4,2,0,2,"['there is a counter on the phone and a packet on the desk', 'there is a packet on the counter and a phone on the desk', 'there is a phone on the packet and a counter on the desk', 'there is a phone on the counter and a desk on the packet', 'there is a desk on the counter and a packet on the phone']",8.0,196.0,256.0,275.0
1595,pole on stairs with a pumpkin on the porch,6,4,2,0,2,"['pole on pumpkin with a stairs on the porch', 'pole on stairs with a porch on the pumpkin', 'pumpkin on stairs with a pole on the porch', 'pole on porch with a pumpkin on the stairs', 'stairs on pole with a pumpkin on the porch']",2.0,200.0,584.0,398.0
1717,a bicycle leaning against a pole and a motorcycle parked next to a city street,6,4,2,0,2,"['a pole leaning against a bicycle and a motorcycle parked next to a city street', 'a bicycle leaning against a motorcycle and a pole parked next to a city street', 'a motorcycle leaning against a pole and a bicycle parked next to a city street', 'a city street leaning against a pole and a motorcycle parked next to a bicycle', 'a bicycle parked next to a pole and a motorcycle leaning against a city street']",4.0,113.0,772.0,480.0
2210,books tucked into a tv stand with blinds on the window,6,4,2,0,2,"['books tucked into a blinds with tv stand on the window', 'books tucked into a tv stand with window on the blinds', 'blinds tucked into a tv stand with books on the window', 'tv stand tucked into a books with blinds on the window', 'window tucked into a tv stand with blinds on the books']",0.0,52.0,418.0,530.0
2847,a tree above the ground and a pole on the ground with a street,6,4,2,0,2,"['a street above the ground and a pole on the ground with a tree', 'a ground above the tree and a pole on the tree with a sgroundt', 'a tree above the street and a pole on the street with a ground', 'a tree above the pole and a ground on the pole with a street', 'a tree above the ground and a street on the ground with a pole']",39.0,2.0,736.0,583.0
3273,woman wearing a skirt and a man walking on a sidewalk,6,4,2,0,2,"['woskirt wearing a man and a skirt walking on a sidewalk', 'sidewalk wearing a skirt and a man walking on a woman', 'man wearing a skirt and a woman walking on a sidewalk', 'woman wearing a sidewalk and a man walking on a skirt', 'wosidewalk wearing a skirt and a sidewalk walking on a man']",483.0,275.0,315.0,200.0
3636,man holding parrot that is sitting on his hand; ponytail,6,4,2,0,2,"['parrot holding man that is sitting on his hand; ponytail', 'ponytail holding parrot that is sitting on his hand; man', 'man sitting on parrot that is holding his hand; ponytail', 'man holding hand that is sitting on his parrot; ponytail', 'man holding ponytail that is sitting on his hand; parrot']",130.0,45.0,321.0,453.0
3701,a window on a building and a car on the roadside,6,4,2,0,2,"['a car on a building and a window on the roadside', 'a window on a roadside and a car on the building', 'a window on a building and a roadside on the car', 'a building on a window and a car on the roadside', 'a window on a car and a building on the roadside']",10.0,78.0,210.0,412.0
4167,"a turret on a building, and a bush near a door",6,4,2,0,2,"['a turret on a door, and a bush near a building', 'a turret on a building, and a bush of a door', 'a turret on a bush, and a building near a door', 'a bush on a building, and a turret near a door', 'a building on a turret, and a bush near a door']",22.0,29.0,286.0,319.0
4181,text in corner of photo with name,6,4,2,0,2,"['text in corner of name with photo', 'text in corner of photo with picture', 'photo in corner of text with name', 'text in corner of lettering with name', 'picture in corner of photo with name']",0.0,1.0,798.0,598.0
4733,a latch on a building and a fence behind some trees,6,4,2,0,2,"['a trees on a building and a fence behind some latch', 'a fence on a building and a latch behind some trees', 'a latch on a building and a trees behind some fence', 'a latch on a fence and a building behind some trees', 'a latch behind a building and a fence on some trees']",1.0,34.0,397.0,237.0
2364447,"there is a sheep behind a fence, and a goat on top of a hill.",6,4,2,0,2,"['there is a sheep on top of a fence, and a goat behind a hill.', 'there is a sheep behind a goat, and a fence on top of a hill.', 'there is a goat behind a fence, and a sheep on top of a hill.', 'there is a sheep behind a fence, and a hill on top of a goat.', 'there is a hill behind a fence, and a goat on top of a sheep.']",5.0,2.0,408.0,238.0
2365422,man on a bench near a walkway with a tree in front of the bench,6,4,2,0,2,"['walkway on a bench near a man with a tree in front of the bench', 'man on a tree near a walkway with a bench in front of the tree', 'man on a walkway near a bench with a tree in front of the walkway', 'tree on a bench near a walkway with a man in front of the bench', 'bench on a man near a walkway with a tree in front of the man']",1.0,2.0,483.0,365.0
2365609,"a shelf over a counter, and a bucket with a handle",6,4,2,0,2,"['a bucket over a counter, and a shelf with a handle', 'a shelf over a bucket, and a counter with a handle', 'a handle over a counter, and a bucket with a shelf', 'a shelf over a handle, and a bucket with a counter', 'a counter over a shelf, and a bucket with a handle']",17.0,157.0,476.0,328.0
2365691,grass on the ground with trees growing behind trucks,6,4,2,0,2,"['grass on the trees with ground growing behind trucks', 'grass growing behind the ground with trees on trucks', 'trees on the ground with grass growing behind trucks', 'grass on the trucks with trees growing behind ground', 'grass on the ground with trucks growing behind trees']",0.0,39.0,499.0,292.0
2365889,batter wearing helmet and 2 on shirt,6,4,2,0,2,"['helmet wearing batter and 2 on shirt', 'shirt wearing helmet and 2 on batter', '2 wearing helmet and batter on shirt', 'batter wearing shirt and 2 on helmet', 'batter wearing 2 and helmet on shirt']",18.0,126.0,177.0,290.0
2366769,a mirror hung on the wall with lamps above it and a sink beneath it,6,4,2,0,2,"['a mirror hung on the lamps with wall above it and a sink beneath it', 'a sink hung on the wall with lamps above it and a mirror beneath it', 'a mirror hung on the sink with lamps above it and a wall beneath it', 'a wall hung on the mirror with lamps above it and a sink beneath it', 'a mirror hung on the wall with sink above it and a lamps beneath it']",2.0,3.0,372.0,472.0
2359443,a plant in a pot and some plants on a box,6,4,2,0,2,"['a plant in a box and some plants on a pot', 'a plants in a pot and some plantss on a box', 'a box in a pot and some plants on a plant', 'a plant in a plants and some pot on a box', 'a pot in a plant and some pots on a box']",8.0,0.0,270.0,244.0
2359483,a towel holder attached to a wall with a towel inside a sink,6,4,2,0,2,"['a towel holder attached to a sink with a towel inside a wall', 'a wall holder attached to a towel with a wall inside a sink', 'a sink holder attached to a wall with a sink inside a towel', 'a wall attached to a towel holder with a towel inside a sink', 'a sink attached to a wall with a towel inside a towel holder']",188.0,3.0,310.0,315.0
2359639,woman wearing pants on board on floor,6,4,2,0,2,"['woman wearing pants on board on pajamas', 'pajamas wearing pants on board on floor', 'board wearing pants on woman on floor', 'woman wearing floor on board on pants', 'woman wearing pajamas on board on floor']",102.0,37.0,376.0,323.0
2360173,a hand on a woman's lap and a nail on the woman's hand.,6,4,2,0,2,"[""a hand on a woman's nail and a lap on the woman's hand."", ""a lap on a woman's hand and a nail on the woman's lap."", ""a woman on a hand's lap and a nail on the woman's woman."", ""a nail on a woman's lap and a hand on the woman's nail."", ""a hand on a nail's lap and a woman on the nail's hand.""]",231.0,90.0,268.0,408.0
2360238,grass on a plate and sauce in a cup,6,4,2,0,2,"['cup on a plate and sauce in a grass', 'grass on a sauce and plate in a cup', 'grass on a cup and sauce in a plate', 'sauce on a plate and grass in a cup', 'plate on a grass and sauce in a cup']",9.0,2.0,469.0,370.0
2360417,a giraffe standing on the ground with an ear on the fence,6,4,2,0,2,"['a fence standing on the ground with an ear on the giraffe', 'a giraffe standing on the ear with an ground on the fence', 'a ground standing on the giraffe with an ear on the fence', 'a ear standing on the ground with an giraffe on the fence', 'a giraffe standing on the fence with an ear on the ground']",0.0,183.0,372.0,313.0
2360729,people shaking hands and a picture on a table,6,4,2,0,2,"['picture shaking hands and a people on a table', 'table shaking hands and a picture on a people', 'people shaking hands and a table on a picture', 'hands shaking people and a picture on a table', 'people shaking table and a picture on a hands']",0.0,302.0,362.0,194.0
2360743,people on the ground with the sidewalk in the middle.,6,4,2,0,2,"['people on the middle with the sidewalk in the ground.', 'sidewalk on the ground with the people in the middle.', 'ground on the people with the sidewalk in the middle.', 'middle on the ground with the sidewalk in the people.', 'people on the sidewalk with the ground in the middle.']",18.0,90.0,313.0,408.0
2360746,people riding on a train and a car going around a corner,6,4,2,0,2,"['people riding on a corner and a car going around a train', 'car riding on a train and a people going around a corner', 'corner riding on a train and a car going around a people', 'people riding on a car and a train going around a corner', 'train riding on a people and a car going around a corner']",96.0,2.0,380.0,329.0
2360763,woman showing her belly and dog facing the camera,6,4,2,0,2,"['woman showing her belly and camera facing the dog', 'woman showing her camera and dog facing the belly', 'camera showing her belly and dog facing the woman', 'dog showing her belly and woman facing the camera', 'belly showing her woman and dog facing the camera']",1.0,51.0,408.0,322.0
2360765,man wearing denim jeans and woman playing controllers,6,4,2,0,2,"['woman wearing denim jeans and man playing controllers', 'controllers wearing denim jeans and woman playing man', 'man wearing woman and denim jeans playing controllers', 'man wearing controllers and woman playing denim jeans', 'denim jeans wearing man and wodenim jeans playing controllers']",144.0,35.0,237.0,299.0
2360793,a bowl of cereal on the table with a spoon in the bowl,6,4,2,0,2,"['a bowl of spoon on the table with a cereal in the bowl', 'a table of cereal on the bowl with a spoon in the table', 'a bowl of table on the cereal with a spoon in the bowl', 'a bowl of cereal on the spoon with a table in the bowl', 'a spoon of cereal on the table with a bowl in the spoon']",1.0,9.0,493.0,380.0
2360794,a cup on a counter with lights on the ceiling,6,4,2,0,2,"['a cup on a lights with counter on the ceiling', 'a cup on a ceiling with lights on the counter', 'a ceiling on a counter with lights on the cup', 'a lights on a counter with cup on the ceiling', 'a counter on a cup with lights on the ceiling']",153.0,12.0,244.0,263.0
2360833,a man wearing a shirt and an elephant in water,6,4,2,0,2,"['a man wearing a shirt and an water in elephant', 'a shirt wearing a man and an elephant in water', 'a water wearing a shirt and an elephant in man', 'a man wearing a water and an elephant in shirt', 'a elephant wearing a shirt and an man in water']",0.0,103.0,498.0,271.0
2360838,a handle of a fork on a plate with some pizza,6,4,2,0,2,"['a handle of a plate on a fork with some pizza', 'a plate of a fork on a handle with some pizza', 'a handle of a pizza on a plate with some fork', 'a pizza of a fork on a plate with some handle', 'a fork of a handle on a plate with some pizza']",0.0,70.0,372.0,418.0
2360849,"a woman wearing shorts and sneakers, with a fence behind her",6,4,2,0,2,"['a woman wearing fence and sneakers, with a shorts behind her', 'a woman wearing shorts and fence, with a sneakers behind her', 'a fence wearing shorts and sneakers, with a woman behind her', 'a sneakers wearing shorts and woman, with a fence behind her', 'a woman wearing sneakers and shorts, with a fence behind her']",1.0,2.0,497.0,328.0
2360857,a man wearing a baseball cap is flying a kite that is shaped like an airplane,6,4,2,0,2,"['a man wearing a baseball cap is flying a airplane that is shaped like an kite', 'a man wearing a kite is flying a baseball cap that is shaped like an airplane', 'a man wearing a airplane is flying a kite that is shaped like an baseball cap', 'a kite wearing a baseball cap is flying a man that is shaped like an airplane', 'a airplane wearing a baseball cap is flying a kite that is shaped like an man']",150.0,0.0,286.0,353.0
2360870,officer wearing glasses and cake cut with knife,6,4,2,0,2,"['cake wearing glasses and officer cut with knife', 'knife wearing glasses and cake cut with officer', 'officer wearing cake and glasses cut with knife', 'officer cut with glasses and cake wearing knife', 'officer wearing knife and cake cut with glasses']",190.0,65.0,275.0,295.0
2360874,eyes on potatoes with bananas above them,6,3,3,0,1,"['bananas on potatoes with eyes above them', 'eyes on bananas with potatoes above them', 'eyes on potatoes with bananas under them', 'potatoes on eyes with bananas above them', 'eyes under potatoes with bananas above them']",20.0,14.0,307.0,370.0
2360885,keys on a laptop with a tray of nuggets,6,4,2,0,2,"['keys on a laptop with a nuggets of tray', 'keys on a nuggets with a tray of laptop', 'laptop on a keys with a tray of nuggets', 'keys on a tray with a laptop of nuggets', 'nuggets on a laptop with a tray of keys']",10.0,156.0,272.0,285.0
2360903,a picture of buttons and a box on a table,6,4,2,0,2,"['a picture of table and a box on a buttons', 'a hand of buttons and a box on a table', 'a picture of buttons and a hand on a table', 'a picture of hand and a box on a table', 'a picture of buttons and a box on a hand']",4.0,41.0,495.0,332.0
2361526,wire on top of fence with shadow of fence on ground,6,4,2,0,2,"['fence on top of wire with shadow of wire on ground', 'ground on top of fence with shadow of fence on wire', 'wire on top of ground with shadow of ground on fence', 'shadow on top of fence with wire of fence on ground', 'wire on top of shadow with fence of shadow on ground']",0.0,26.0,498.0,306.0
2361551,bottles on a counter and a bear on jars,6,4,2,0,2,"['bear on a counter and a bottles on jars', 'bottles on a jars and a bear on counter', 'bottles on a counter and a jars on bear', 'bottles on a bear and a counter on jars', 'jars on a counter and a bear on bottles']",1.0,15.0,498.0,316.0
2361657,"a man on a sidewalk with two bags behind him, and a bag2 between the bags",6,4,2,0,2,"['a man on a duffle bag with two bags behind him, and a bag2 between the bags', 'a bag on a sidewalk with two mans behind him, and a man2 between the mans', 'a man on a bag with two sidewalks behind him, and a sidewalk2 between the sidewalks', 'a duffle bag on a sidewalk with two bags behind him, and a bag2 between the bags', 'a man on a sidewalk with two bags between him, and a bag2 behind the bags']",2.0,18.0,497.0,357.0
2361662,a boy trying to hit a baseball with a baseball bat while his foot is on the boy.,6,4,2,0,2,"['a boy trying to hit a baseball with a foot while his baseball bat is on the boy.', 'a baseball trying to hit a boy with a baseball bat while his foot is on the baseball.', 'a foot trying to hit a baseball with a baseball bat while his boy is on the foot.', 'a baseball bat trying to hit a baseball with a boy while his foot is on the baseball bat.', 'a boy trying to hit a foot with a baseball bat while his baseball is on the boy.']",3.0,113.0,333.0,373.0
2361667,a person looking at animals with a head on one of them,6,4,2,0,2,"['a person looking at head with a animals on one of them', 'a animal looking at persons with a head on one of them', 'a person looking at heads with a animal on one of them', 'a head looking at animals with a person on one of them', 'a animals looking at person with a head on one of them']",4.0,37.0,439.0,295.0
2361694,the adult is holding a bat and the child is holding a ball.,6,4,2,0,2,"['the bat is holding a adult and the child is holding a ball.', 'the child is holding a bat and the adult is holding a ball.', 'the adult is holding a child and the bat is holding a ball.', 'the ball is holding a bat and the child is holding a adult.', 'the adult is holding a ball and the child is holding a bat.']",192.0,1.0,299.0,290.0
2361716,a skateboarder in jeans with their board on a ramp,6,4,2,0,2,"['a skatemaner in jeans with their man on a ramp', 'a skateboarder in ramp with their board on a jeans', 'a skatejeanser in board with their jeans on a ramp', 'a ramp in jeans with their board on a skateboarder', 'a skateboarder in jeans with their board on a man']",0.0,48.0,498.0,282.0
2361721,a mirror mounted on the wall in a bathroom with a commode,6,4,2,0,2,"['a mirror mounted on the commode in a bathroom with a wall', 'a wall mounted on the mirror in a bathroom with a commode', 'a bathroom mounted on the wall in a mirror with a commode', 'a mirror mounted on the wall in a commode with a bathroom', 'a commode mounted on the wall in a bathroom with a mirror']",2.0,1.0,496.0,369.0
2361726,girl in restaurant with phone in finger,6,4,2,0,2,"['girl in mobile with phone in finger', 'restaurant in girl with phone in finger', 'phone in restaurant with girl in finger', 'finger in restaurant with phone in girl', 'girl in restaurant with finger in phone']",4.0,2.0,320.0,497.0
2361729,a bike with a bell and a handle on a latch,6,4,2,0,2,"['a bike with a bell and a handle on a bicycle', 'a handle with a bell and a bike on a latch', 'a latch with a bell and a handle on a bike', 'a bike with a bell and a bicycle on a latch', 'a bike with a bicycle and a handle on a latch']",10.0,71.0,175.0,259.0
2361735,"water bottles on top of rack, boxes behind door",6,4,2,0,2,"['water bottles on top of door, boxes behind rack', 'water bottles on top of shelf, boxes behind door', 'water bottles on top of rack, shelf behind door', 'water bottles behind rack, boxes on top of door', 'water bottles on top of rack, boxes behind shelf']",1.0,0.0,373.0,500.0
2361746,man walking on a sidewalk and a person holding a purse,6,4,2,0,2,"['man holding a sidewalk and a person walking on a purse', 'man walking on a person and a sidewalk holding a purse', 'purse walking on a sidewalk and a person holding a man', 'man walking on a sidewalk and a purse holding a person', 'person walking on a sidewalk and a man holding a purse']",90.0,196.0,281.0,300.0
2361764,umpire standing behind catcher with ball player hitting ball,6,4,2,0,2,"['ball player standing behind catcher with umpire hitting ball', 'ball standing behind catcher with umpire player hitting umpire', 'catcher standing behind umpire with ball player hitting ball', 'umpire standing behind ball with catcher player hitting catcher', 'umpire hitting catcher with ball player standing behind ball']",42.0,40.0,430.0,278.0
2359324,player going for ball with logo on shirt,6,4,2,0,2,"['player going for ball with man on shirt', 'logo going for ball with player on shirt', 'ball going for player with logo on shirt', 'player going for ball with logo on man', 'player going for man with logo on shirt']",147.0,102.0,225.0,206.0
2359333,a camera with a lenscap and a dictionary lying on a sofa,6,4,2,0,2,"['a camera with a lenscap and a book lying on a sofa', 'a book with a lenscap and a dictionary lying on a sofa', 'a camera with a lenscap and a dictionary lying on a book', 'a dictionary with a lenscap and a camera lying on a sofa', 'a camera with a lenscap and a couch lying on a sofa']",0.0,1.0,500.0,373.0
2359336,a ref wearing a mask and behind home plate. a suit is also behind home plate.,6,4,2,0,2,"['a ref wearing a mask and worn by home plate. a suit is also worn by home plate.', 'a ref wearing a mask and behind suit. a home plate is also behind suit.', 'a home plate wearing a mask and behind ref. a suit is also behind home plate.', 'a ref wearing a suit and behind home plate. a mask is also behind home plate.', 'a suit wearing a mask and behind home plate. a ref is also behind home plate.']",27.0,112.0,353.0,177.0
2359409,a handle of a utensil and food in a box,6,4,2,0,2,"['a handle in a utensil and food of a box', 'a handle of a box and food in a utensil', 'a food of a utensil and handle in a box', 'a box of a utensil and food in a handle', 'a handle of a utensil and box in a food']",17.0,34.0,430.0,255.0
2359585,"a fork on a table, and a cup with a rim",6,4,2,0,2,"['a rim on a table, and a cup with a fork', 'a fork on a rim, and a cup with a table', 'a fork with a table, and a cup on a rim', 'a table on a fork, and a cup with a rim', 'a cup on a table, and a fork with a rim']",1.0,4.0,492.0,324.0
2359854,the batter is wearing a shirt and has a bat in his pants,6,4,2,0,2,"['the shirt is wearing a batter and has a bat in his pants', 'the shirtter is wearing a bat and has a shirt in his pants', 'the batter is wearing a pants and has a bat in his shirt', 'the pants is wearing a shirt and has a bat in his batter', 'the pantster is wearing a shirt and has a pants in his bat']",161.0,82.0,332.0,271.0
2359943,woman wearing dress and glasses with tv behind her,6,4,2,0,2,"['woman wearing dress and tv with glasses behind her', 'tv wearing dress and glasses with woman behind her', 'woman wearing tv and glasses with dress behind her', 'woman behind dress and glasses with tv wearing her', 'glasses wearing dress and woman with tv behind her']",218.0,65.0,216.0,427.0
2360054,a cat with paws on a place mat near a keyboard,6,4,2,0,2,"['a cat with place mat on a paws near a keyboard', 'a cat with keyboard on a place mat near a paws', 'a cat with paws on a keyboard near a place mat', 'a keyboard with paws on a place mat near a cat', 'a place mat with paws on a cat near a keyboard']",0.0,3.0,434.0,361.0
2360073,pizza on a pizza pan and food on a metal pan,6,4,2,0,2,"['pizza on a metal pan and food on a pizza pan', 'food on a food pan and pizza on a metal pan', 'pizza pan on a pizza pan pan and food on a metal pan', 'metal pan on a metal pan pan and food on a pizza', 'pizza on a food and pizza pan on a metal pan']",0.0,0.0,491.0,332.0
2360153,"a child standing on a sidewalk, and a truck with a rail",6,4,2,0,2,"['a child standing on a rail, and a truck with a sidewalk', 'a child standing on a truck, and a sidewalk with a rail', 'a rail standing on a sidewalk, and a truck with a child', 'a sidewalk standing on a child, and a truck with a rail', 'a truck standing on a sidewalk, and a child with a rail']",12.0,62.0,278.0,208.0
2360245,snowboarder on a snowboard with snow on a railing,6,4,2,0,2,"['railing on a snowboard with snow on a snowboarder', 'railinger on a snowboard with snow on a snowboard', 'snowboardboarder on a snowboardboard with snowboard on a railing', 'railingboarder on a snowboard with snow on a snow', 'snowboarderboarder on a snowboarderboard with snowboarder on a railing']",40.0,8.0,458.0,323.0
2360475,girl wearing a hoodie with a shadow being cast on the grass,6,4,2,0,2,"['girl wearing a hoodie with a grass being cast on the shadow', 'grass wearing a hoodie with a shadow being cast on the girl', 'hoodie wearing a girl with a shadow being cast on the grass', 'shadow wearing a hoodie with a girl being cast on the grass', 'girl cast a hoodie with a shadow being wearing on the grass']",51.0,40.0,433.0,279.0
2361058,cat lying on blanket with lamp above chair,6,4,2,0,2,"['blanket lying on cat with lamp above chair', 'cat lying on chair with lamp above blanket', 'chair lying on blanket with lamp above cat', 'cat lying on lamp with blanket above chair', 'lamp lying on blanket with cat above chair']",71.0,21.0,343.0,438.0
2361126,children crossing the street as a person wearing a shirt looks on,6,4,2,0,2,"['shirt crossing the street as a person wearing a children looks on', 'children crossing the shirt as a person wearing a street looks on', 'children crossing the person as a street wearing a shirt looks on', 'person crossing the street as a children wearing a shirt looks on', 'street crossing the children as a person wearing a shirt looks on']",0.0,50.0,499.0,324.0
2361139,woman wearing jacket and flying a kite with clouds below,6,4,2,0,2,"['woman wearing clouds and flying a kite with jacket below', 'woman below jacket and flying a kite with clouds wearing', 'kite wearing jacket and flying a woman with clouds below', 'woman wearing kite and flying a jacket with clouds below', 'woman wearing jacket and flying a clouds with kite below']",2.0,53.0,307.0,445.0
2361212,"a bagel on a board, and bacon on a cutting board",6,4,2,0,2,"['a bacon on a board, and bagel on a cutting board', 'a cutting board on a board, and bacon on a bagel', 'a bagel on a board, and cutting board on a bacon', 'a bagel on a bacon, and board on a cutting bacon', 'a board on a bagel, and bacon on a cutting bagel']",150.0,68.0,236.0,205.0
2361246,a coffee table on the floor and a piano with a bench,6,4,2,0,2,"['a coffee table on the cocktail table and a piano with a bench', 'a coffee bench on the floor and a piano with a table', 'a coffee table on the bench and a piano with a floor', 'a coffee table on the floor and a cocktail table with a bench', 'a coffee floors on the floor and a piano with a bench']",155.0,125.0,342.0,208.0
2361274,an object on the floor and books on the mantle,6,4,2,0,2,"['an object on the books and floor on the mantle', 'an books on the floor and object on the mantle', 'an mantle on the floor and books on the object', 'an object on the mantle and books on the floor', 'an object on the floor and mantle on the books']",1.0,154.0,295.0,339.0
2361295,glass on top of table with ladle on counter,6,4,2,0,2,"['ladle on top of table with glass on counter', 'glass on top of ladle with table on counter', 'table on top of glass with ladle on counter', 'counter on top of table with ladle on glass', 'glass on top of table with counter on ladle']",187.0,2.0,310.0,328.0
2361342,a knife in a photo with vegetables on a plate,6,4,2,0,2,"['a vegetables in a photo with knife on a plate', 'a knife in a photo with tablecloth on a plate', 'a plate in a photo with vegetables on a knife', 'a knife in a photo with vegetables on a tablecloth', 'a knife in a tablecloth with vegetables on a plate']",2.0,3.0,498.0,303.0
2361362,"two bears, one with a hat, near a truck with trash in it",6,4,2,0,2,"['two hat, one with a bears, near a truck with trash in it', 'two truck, one with a hat, near a bears with trash in it', 'two bears, one with a trash, near a truck with hat in it', 'two trash, one with a hat, near a truck with bears in it', 'two bears, one with a truck, near a hat with trash in it']",6.0,35.0,308.0,265.0
2361374,"there is a shadow on the table, and a glass with liquid",6,4,2,0,2,"['there is a liquid on the table, and a glass with shadow', 'there is a table on the shadow, and a glass with liquid', 'there is a wine on the table, and a glass with liquid', 'there is a shadow on the liquid, and a glass with table', 'there is a shadow on the wine, and a glass with liquid']",0.0,23.0,499.0,332.0
2361517,"adult standing near girl, boy on bear",6,4,2,0,2,"['adult standing near girl, bear on boy', 'bear standing near girl, boy on adult', 'girl standing near adult, boy on bear', 'boy standing near girl, adult on bear', 'adult on girl, boy standing near bear']",110.0,7.0,374.0,290.0
2361591,bus on road and elephant has tusk,6,4,2,0,2,"['bus on elephant and road has tusk', 'bus on road and tusk has elephant', 'tusk on road and elephant has bus', 'bus on tusk and elephant has road', 'elephant on road and bus has tusk']",78.0,132.0,383.0,242.0
2361753,"woman by a castle, with a backpack and long sleeves",6,4,1,1,3,"['woman by a hiker, with a backpack and long sleeves', 'jacket by a castle, with a backpack and long sleeves', 'woman by a jacket, with a backpack and long sleeves', 'backpack by a castle, with a woman and long sleeves', 'woman by a castle, with a jacket and long sleeves']",8.0,6.0,300.0,489.0
2361783,"two trains on the tracks with a divider in between them, and a mirror",6,4,2,0,2,"['two trains on the divider with a tracks in between them, and a mirror', 'two trains on the mirror with a divider in between them, and a tracks', 'two trains separating the tracks with a divider in between them, and a mirror', 'two divider on the tracks with a trains in between them, and a mirror', 'two mirror on the tracks with a divider in between them, and a trains']",0.0,27.0,497.0,304.0
2361982,there are shoes on the floor and ropes under the bed,6,4,2,0,2,"['there are shoes on the ropes and floor under the bed', 'there are ropes on the floor and shoes under the bed', 'there are bed on the floor and ropes under the shoes', 'there are floor on the shoes and ropes under the bed', 'there are shoes on the bed and ropes under the floor']",4.0,95.0,495.0,277.0
2362019,cake layers on a plate with a nut on top of icing,6,4,2,0,2,"['cake layers on a plate with a nut on top of pistachio nut', 'cake layers on a plate with a frosting on top of icing', 'cake layers on a cream frosting with a nut on top of icing', 'cake layers on a pistachio nut with a nut on top of icing', 'cream frosting on a plate with a nut on top of icing']",13.0,13.0,456.0,297.0
2362052,a sink against a wall in a bathroom with a toilet,6,4,2,0,2,"['a bathroom against a wall in a sink with a toilet', 'a toilet against a wall in a bathroom with a sink', 'a wall against a sink in a bathroom with a toilet', 'a sink against a wall in a toilet with a bathroom', 'a sink against a toilet in a bathroom with a wall']",0.0,0.0,499.0,375.0
2362303,a mirror on a vehicle and a toddler wearing a lion,6,4,2,0,2,"['a vehicle on a mirror and a toddler wearing a lion', 'a mirror on a toddler and a vehicle wearing a lion', 'a lion on a vehicle and a toddler wearing a mirror', 'a toddler on a vehicle and a mirror wearing a lion', 'a mirror on a lion and a toddler wearing a vehicle']",89.0,9.0,408.0,307.0
2362435,people holding an umbrella with bikes on the ground nearby,6,4,2,0,2,"['bikes holding an umbrella with people on the ground nearby', 'umbrella holding an people with bikes on the ground nearby', 'people holding an ground with bikes on the umbrella nearby', 'people holding an bikes with umbrella on the ground nearby', 'ground holding an umbrella with bikes on the people nearby']",27.0,246.0,266.0,253.0
2362496,airplane flying near sun which is peeking through a cloud in the sky,6,4,2,0,2,"['airsun flying near plane which is peeking through a cloud in the sky', 'cloud flying near sun which is peeking through a airplane in the sky', 'aircloud flying near sun which is peeking through a plane in the sky', 'sun flying near airplane which is peeking through a cloud in the sky', 'airplane flying near cloud which is peeking through a sun in the sky']",3.0,4.0,351.0,242.0
2362634,an airplane in front of the passenger terminal with a ladder to the airplane on the tarmac,6,4,2,0,2,"['an tarmac in front of the passenger terminal with a ladder to the tarmac on the airplane', 'an ladder in front of the passenger terminal with a airplane to the ladder on the tarmac', 'an airplane to the passenger terminal with a ladder in front of the airplane on the tarmac', 'an passenger terminal in front of the airplane with a ladder to the passenger terminal on the tarmac', 'an airplane in front of the ladder with a passenger terminal to the airplane on the tarmac']",20.0,62.0,472.0,260.0
2362653,bottles on a table and a belt loop on some jeans,6,4,2,0,2,"['bottles on a table and a jeans on some belt loop', 'bottles on a wine bottles and a belt loop on some jeans', 'jeans on a table and a belt loop on some bottles', 'bottles on a table and a desk on some jeans', 'bottles on a table and a belt loop on some desk']",6.0,9.0,480.0,323.0
2362688,"a train with red trim, and a house next to it",6,3,2,1,1,"['a train with red trim, and a white train next to it', 'a white train with red trim, and a house next to it', 'a train with red house, and a trim next to it', 'a house with red trim, and a train next to it', 'a train with next trim, and a house red to it']",1.0,1.0,468.0,287.0
2362734,forks on a plate holding a dessert that is being eaten,6,3,3,0,1,"['forks on a dessert holding a plate that is being eaten', 'dessert on a plate holding a forks that is being eaten', 'plate on a forks holding a dessert that is being eaten', 'forks on a plate holding a fox that is being eaten', 'forks on a fox holding a dessert that is being eaten']",27.0,44.0,466.0,329.0
2362759,flowers on top of cabinet and pot above tv,6,4,2,0,2,"['pot on top of cabinet and flowers above tv', 'flowers on top of cabinet and tv above pot', 'flowers on top of tv and pot above cabinet', 'tv on top of cabinet and pot above flowers', 'cabinet on top of flowers and pot above tv']",2.0,0.0,210.0,252.0
2362761,girl holding a bear and a flower on top of leaves,6,4,2,0,2,"['leaves holding a bear and a flower on top of girl', 'girl holding a bear and a leaves on top of flower', 'flower holding a bear and a girl on top of leaves', 'girl holding a leaves and a flower on top of bear', 'bear holding a girl and a flower on top of leaves']",53.0,33.0,356.0,292.0
2362874,child with blow dryer and wire on bed,6,4,2,0,2,"['child with bed and wire on blow dryer', 'blow dryer with child and wire on bed', 'wire with blow dryer and child on bed', 'child with blow dryer and bed on wire', 'bed with blow dryer and wire on child']",7.0,97.0,363.0,399.0
2362887,child wearing shirt and lady blowing out candles,6,4,2,0,2,"['child blowing out shirt and lady wearing candles', 'candles wearing shirt and lady blowing out child', 'lady wearing shirt and child blowing out candles', 'child wearing shirt and candles blowing out lady', 'child wearing candles and lady blowing out shirt']",42.0,48.0,211.0,206.0
2362918,plants growing in a field and a cow looking towards the camera,6,4,2,0,2,"['plants growing in a camera and a cow looking towards the field', 'cow growing in a field and a plants looking towards the camera', 'plants growing in a cow and a field looking towards the camera', 'plants looking towards a field and a cow growing in the camera', 'camera growing in a field and a cow looking towards the plants']",0.0,3.0,499.0,314.0
2362926,"a store is selling a bear and has a sign that says ""books""",6,4,2,0,2,"['a store is selling a sign and has a bear that says ""books""', 'a bear is selling a store and has a sign that says ""books""', 'a books is selling a bear and has a sign that says ""store""', 'a store is hanging on a bear and has a sign that says ""books""', 'a store is selling a books and has a sign that says ""bear""']",0.0,4.0,497.0,367.0
2363329,a train with a window and a lampstand near the railine,6,4,2,0,2,"['a train with a lamppost and a lampstand near the railine', 'a train with a trolley and a lampstand near the railine', 'a railine with a window and a lampstand near the train', 'a train with a window and a lampstand near the lamppost', 'a train with a window and a trolley near the railine']",70.0,27.0,345.0,293.0
2363361,player holding bat in hand with shirt,6,4,2,0,2,"['player holding shirt in hand with bat', 'player holding man in hand with shirt', 'player holding bat in hand with batter', 'shirt holding bat in hand with player', 'bat holding player in hand with shirt']",78.0,20.0,223.0,410.0
2363386,cords coming out of a hole in a conference table with a tree behind it,6,4,2,0,2,"['tree coming out of a hole in a conference table with a cords behind it', 'hole coming out of a cords in a conference table with a tree behind it', 'cords coming out of a tree in a conference table with a hole behind it', 'conference table coming out of a hole in a cords with a tree behind it', 'cords behind a hole in a conference table with a tree coming out of it']",0.0,0.0,498.0,388.0
2363405,a person at a table with plates to the left and a tortilla on the table,6,4,2,0,2,"['a person at a tortilla with plates to the left and a table on the tortilla', 'a tortilla at a table with plates to the left and a person on the table', 'a person at a table with lady to the left and a tortilla on the table', 'a person at a lady with plates to the left and a tortilla on the lady', 'a table at a person with plates to the left and a tortilla on the table']",240.0,41.0,259.0,291.0
2363415,a person on a bicycle with an umbrella with a pattern,6,4,2,0,2,"['a person on a umbrella with an bicycle with a pattern', 'a person on a pattern with an umbrella with a bicycle', 'a umbrella on a bicycle with an person with a pattern', 'a pattern on a bicycle with an umbrella with a person', 'a bicycle on a person with an umbrella with a pattern']",207.0,2.0,292.0,371.0
2363459,the name on the building is 'door on building',6,3,3,0,1,"[""the name on the this is 'door on this'"", ""the name on the building is 'this on building'"", ""the name on the blue door is 'door on blue door'"", ""the name on the building is 'blue door on building'"", ""the name on the door is 'building on door'""]",211.0,96.0,173.0,275.0
2363511,a glass sitting on a table top with a plate on the table,6,4,2,0,2,"['a plate sitting on a table top with a glass on the table', 'a glass sitting on a plate with a table top on the table', 'a glass sitting on a plate top with a table on the plate', 'a table sitting on a glass top with a plate on the table', 'a table top sitting on a glass with a plate on the table']",2.0,1.0,496.0,371.0
2363514,man cooking with boy; button sewn on shirt,6,4,2,0,2,"['man cooking with shirt; button sewn on boy', 'man cooking with button; boy sewn on shirt', 'man sewn on boy; button cooking with shirt', 'boy cooking with man; button sewn on shirt', 'shirt cooking with boy; button sewn on man']",1.0,8.0,324.0,491.0
2363524,a tree on a sidewalk and a bus on a street,6,4,2,0,2,"['a tree on a street and a bus on a sidewalk', 'a bus on a sidewalk and a tree on a sbust', 'a tree on a bus and a sidewalk on a street', 'a tree on a sidewalk and a street on a bus', 'a street on a sidewalk and a bus on a tree']",12.0,10.0,273.0,382.0
2363566,boy sitting on chair with plate in front of him and the chair behind him,6,3,3,0,1,"['plate sitting on chair with boy in front of him and the chair behind him', 'boy behind chair with plate in front of him and the chair sitting on him', 'chair sitting on boy with plate in front of him and the boy behind him', 'boy sitting on plate with chair in front of him and the plate behind him', 'boy sitting on chair with plate behind him and the chair in front of him']",15.0,23.0,213.0,228.0
2363617,"a water pitcher on top of a table, and a basin near a basket.",6,4,2,0,2,"['a table on top of a water pitcher, and a basin near a basket.', 'a water pitcher near a table, and a basin on top of a basket.', 'a water pitcher on top of a basket, and a basin near a table.', 'a basin on top of a table, and a water pitcher near a basket.', 'a water pitcher on top of a basin, and a table near a basket.']",0.0,168.0,325.0,205.0
2363686,"dessert sitting on a table, and desserts in the background",6,4,2,0,2,"['table sitting on a dessert, and tables in the background', 'dessert sitting on a background, and desserts in the table', 'background sitting on a table, and backgrounds in the dessert', 'dessert sitting on a desserts, and table in the background', 'dessert in a table, and desserts sitting on the background']",0.0,13.0,499.0,319.0
2363803,a man is surfing on a board with a palm tree in the background,6,3,3,0,1,"['a man is surfing under a board with a palm tree in the background', 'a palm tree is surfing on a board with a man in the background', 'a man is surfing behind a board with a palm tree in the background', 'a board is surfing on a man with a palm tree in the background', 'a man is surfing on a palm tree with a board in the background']",47.0,119.0,328.0,349.0
2363808,man with luggage in front of truck with tire,6,4,2,0,2,"['man with truck in front of luggage with tire', 'luggage with man in front of truck with tire', 'truck with luggage in front of man with tire', 'tire with luggage in front of truck with man', 'man with tire in front of truck with luggage']",1.0,2.0,331.0,496.0
2359926,man with glasses on head standing near train,6,4,2,0,2,"['glasses with man on head standing near train', 'man with glasses on train standing near head', 'train with glasses on head standing near man', 'man with train on head standing near glasses', 'man with glasses on head are on train']",0.0,0.0,499.0,331.0
2360014,an owl on a rock with dirt on the ground.,6,4,2,0,2,"['an dirt on a rock with owl on the ground.', 'an ground on a rock with dirt on the owl.', 'an owl on a dirt with rock on the ground.', 'an owl on a ground with dirt on the rock.', 'an rock on a owl with dirt on the ground.']",64.0,40.0,278.0,230.0
2360647,"a dog with a nose and food, next to a bed",6,4,2,0,2,"['a nose with a dog and food, next to a bed', 'a bed with a nose and food, next to a dog', 'a food with a nose and dog, next to a bed', 'a dog with a bed and food, next to a nose', 'a dog with a nose and bed, next to a food']",78.0,0.0,254.0,336.0
2361363,a man wearing a hat and a foot on the ground,6,4,2,0,2,"['a man on a hat and a foot wearing the ground', 'a ground wearing a hat and a foot on the man', 'a hat wearing a man and a foot on the ground', 'a man wearing a ground and a foot on the hat', 'a foot wearing a hat and a man on the ground']",0.0,29.0,499.0,301.0
2361807,woman holding a wiimote with a design on her jeans,6,4,2,0,2,"['woman holding a jeans with a design on her wiimote', 'design holding a wiimote with a woman on her jeans', 'wiimote holding a woman with a design on her jeans', 'woman holding a wiimote with a jeans on her design', 'jeans holding a wiimote with a design on her woman']",241.0,42.0,169.0,332.0
2362564,"a container is in the side of a fridge door, and there is tape in the door.",6,4,2,0,2,"['a tape is in the side of a fridge door, and there is container in the door.', 'a fridge is in the side of a container door, and there is tape in the door.', 'a door is in the side of a fridge container, and there is tape in the door.', 'a container is in the side of a fridge tape, and there is door in the tape.', 'a container is in the side of a tape door, and there is fridge in the door.']",2.0,0.0,209.0,283.0
2362669,"horse with bridle, not drinking, tongue out",6,4,2,0,2,"['drinking with bridle, not horse, tongue out', 'horse with bridle, on drinking, tnotgue out', 'horse with drinking, not bridle, tongue out', 'horse with bridle, not tongue, drinking out', 'tongue with bridle, not drinking, horse out']",0.0,0.0,246.0,389.0
2362795,girl with hair and pizza on spatula,6,4,2,0,2,"['hair with girl and pizza on spatula', 'girl with hair and spatula on pizza', 'girl with spatula and pizza on hair', 'pizza with hair and girl on spatula', 'spatula with hair and pizza on girl']",122.0,88.0,211.0,245.0
2362877,there is paint on the railing and weeds growing around the street sign,6,4,2,0,2,"['there is street sign on the railing and weeds growing around the paint', 'there is weeds on the railing and paint growing around the street sign', 'there is railing on the paint and weeds growing around the street sign', 'there is paint growing the railing and weeds on around the street sign', 'there is paint on the railing and street sign growing around the weeds']",0.0,61.0,500.0,269.0
2363169,a lady with a headband and her shadow,6,3,3,0,1,"['a lady with a headband and her skiier', 'a shadow with a headband and her lady', 'a lady with a headband and her woman', 'a lady with a headband and her lone skiier', 'a lady with a skiier and her shadow']",185.0,94.0,277.0,231.0
2363169,"a lady on the snow, with many pine trees behind her",6,3,2,1,1,"['a lady on the snow, with many pine lone skiier behind her', 'a lady on the woman, with many pine trees behind her', 'a lady on the skiier, with many pine trees behind her', 'a skiiers on the snow, with many pine trees behind her', 'a lady on the snow, with many pine skiier behind her']",0.0,3.0,499.0,321.0
2363264,woman on bench with bushes and flower behind her,6,4,2,0,2,"['woman on flower with bushes and bench behind her', 'bushes on bench with woman and flower behind her', 'flower on bench with bushes and woman behind her', 'bench on woman with bushes and flower behind her', 'woman on bushes with bench and flower behind her']",48.0,82.0,451.0,362.0
2363339,a bear on the grass with a rock next to it in the zoo,6,4,2,0,2,"['a bear next to the grass with a rock on it in the zoo', 'a zoo on the grass with a rock next to it in the bear', 'a bear on the rock with a grass next to it in the zoo', 'a rock on the grass with a bear next to it in the zoo', 'a grass on the bear with a rock next to it in the zoo']",7.0,4.0,397.0,492.0
2363535,a skateboarder skateboarding on a railing with a tee shirt on top,6,4,2,0,2,"['a skateboarder skateboarding on a railing with a young boy on top', 'a skateboarder skateboarding on a person with a tee shirt on top', 'a skateboarder skateboarding on a young boy with a tee shirt on top', 'a metal bencher skateboarding on a railing with a tee shirt on top', 'a railing skateboarding on a skateboarder with a tee shirt on top']",130.0,55.0,312.0,217.0
2363837,man holding surfboard while person swims in ocean,6,4,2,0,2,"['person holding surfboard while man swims in ocean', 'surfboard holding man while person swims in ocean', 'ocean holding surfboard while person swims in man', 'man holding ocean while person swims in surfboard', 'man swimming in surfboard while person swims in ocean']",69.0,50.0,254.0,207.0
2363851,a cup filled with a drink and a bottle sitting on a counter,6,4,2,0,2,"['a cup filled with a counter and a bottle sitting on a drink', 'a cup sitting on a drink and a bottle filled with a counter', 'a cup filled with a drink and a counter sitting on a bottle', 'a counter filled with a drink and a bottle sitting on a cup', 'a bottle filled with a drink and a cup sitting on a counter']",0.0,1.0,332.0,496.0
2363980,a man with arms and markings on a ramp,6,4,2,0,2,"['a man with arms and snowboarder on a ramp', 'a man with arms and markings on a snowboarder', 'a snowboarder with arms and markings on a ramp', 'a ramp with arms and markings on a man', 'a man with snowboarder and markings on a ramp']",0.0,10.0,317.0,308.0
2364022,woman with hair right of hat and shadow behind umbrella,6,4,2,0,2,"['woman with shadow right of hat and hair behind umbrella', 'woman with hair right of umbrella and shadow behind hat', 'woman with hair right of shadow and hat behind umbrella', 'woman with hair behind hat and shadow right of umbrella', 'woman with umbrella right of hat and shadow behind hair']",0.0,3.0,484.0,371.0
2364023,"a pizza with a plate and a fork on it, with pepperoni on top",6,4,2,0,2,"['a pepperoni with a plate and a fork on it, with pizza on top', 'a pizza with a plate and a table on it, with pepperoni on top', 'a pizza with a plate and a fork on it, with table on top', 'a pizza with a table and a fork on it, with pepperoni on top', 'a table with a plate and a fork on it, with pepperoni on top']",0.0,4.0,499.0,363.0
2364113,a bottle of syrup and a mug on a table,6,4,2,0,2,"['a bottle of cup and a mug on a table', 'a bottle of syrup and a mug on a cup', 'a bottle of syrup and a table on a mug', 'a bottle of table and a mug on a syrup', 'a table of syrup and a mug on a bottle']",65.0,43.0,304.0,217.0
2364421,a laptop on an ironing board with the legs of the ironing board sticking out.,6,3,3,0,1,"['a ironing board on an laptop with the legs of the ironing board sticking out.', 'a laptop on an ironing board with the legs underneath the ironing board sticking out.', 'a laptop of an irofing board with the legs on the irofing board sticking out.', 'a laptop underneath an ironing board with the legs of the ironing board sticking out.', 'a legs on an ironing board with the laptop of the ironing board sticking out.']",1.0,44.0,362.0,288.0
2364518,cars on a street and an object under a clock,6,4,2,0,2,"['cars on a clock and an object under a street', 'object on a street and an cars under a clock', 'cars on a street and an clock under a object', 'clock on a street and an object under a cars', 'cars under a street and an object on a clock']",3.0,4.0,492.0,327.0
2364649,man holding tennis racket with a fence around a tennis court,6,4,2,0,2,"['man holding fence with a tennis racket around a tennis court', 'fence holding tennis racket with a man around a tennis court', 'man holding tennis court with a fence around a tennis racket', 'man holding tennis racket with a tennis court around a fence', 'tennis court holding tennis racket with a fence around a man']",0.0,9.0,498.0,316.0
2364767,"giraffe seen from head, sticks on pile",6,4,2,0,2,"['giraffe seen from head, ground on pile', 'grass seen from head, sticks on pile', 'pile seen from head, sticks on giraffe', 'sticks seen from head, giraffe on pile', 'giraffe seen from head, sticks on ground']",6.0,49.0,367.0,450.0
2364931,a surfer is standing on their board in the ocean as the sky meets the ocean.,6,4,2,0,2,"['a board is standing on their surfer in the ocean as the sky meets the ocean.', 'a sky is standing on their board in the ocean as the surfer meets the ocean.', 'a surfer is standing on their sky in the ocean as the board meets the ocean.', 'a ocean is standing on their board in the surfer as the sky meets the surfer.', 'a surfer is standing on their board in the sky as the ocean meets the sky.']",15.0,19.0,462.0,281.0
2364946,a passenger on a platform with tracks beside a train,6,4,2,0,2,"['a passenger on a train with tracks beside a platform', 'a tracks on a platform with passenger beside a train', 'a platform on a passenger with tracks beside a train', 'a train on a platform with tracks beside a passenger', 'a passenger on a platform with train beside a tracks']",0.0,112.0,270.0,183.0
2365001,a support for a bench and a teddy bear sitting on the bench with the support behind it,6,3,3,0,1,"['a support for a bench and a teddy bear behind the bench with the support sitting on it', 'a bench for a support and a teddy bear sitting on the support with the bench behind it', 'a support for a teddy bear and a bench sitting on the teddy bear with the support behind it', 'a support sitting on a bench and a teddy bear for the bench with the support behind it', 'a teddy bear for a bench and a support sitting on the bench with the teddy bear behind it']",1.0,259.0,374.0,237.0
2365090,a batter wearing a shoe with a stripe on his pants,6,4,2,0,2,"['a pants wearing a shoe with a stripe on his batter', 'a stripe wearing a shoe with a batter on his pants', 'a batter wearing a pants with a stripe on his shoe', 'a batter wearing a shoe with a pants on his stripe', 'a shoe wearing a batter with a stripe on his pants']",48.0,143.0,270.0,296.0
2365114,"kite in the sky with wires attached to it, above an ocean",6,4,2,0,2,"['kite in the wires with sky attached to it, above an ocean', 'kite in the ocean with wires attached to it, above an sky', 'wires in the sky with kite attached to it, above an ocean', 'ocean in the sky with wires attached to it, above an kite', 'kite in the sky with ocean attached to it, above an wires']",0.0,5.0,375.0,493.0
2365281,a remote control on top of a table inside a bedroom,6,4,2,0,2,"['a remote control inside a table on top of a bedroom', 'a remote bed on top of a table inside a controlroom', 'a remote control on top of a bedroom inside a table', 'a remote table on top of a control inside a bedroom', 'a remote control on top of a bed inside a tableroom']",0.0,5.0,499.0,396.0
2365388,a boy wearing a shirt with holes in the sink.,6,4,2,0,2,"['a holes wearing a shirt with boy in the sink.', 'a shirt wearing a boy with holes in the sink.', 'a sink wearing a shirt with holes in the boy.', 'a boy wearwearingg a shirt with holes wearing the swearingk.', 'a boy wearing a sink with holes in the shirt.']",15.0,11.0,482.0,483.0
2365484,cows with legs in front of bushes behind a tree,6,4,2,0,2,"['tree with legs in front of bushes behind a cows', 'bushes with legs in front of cows behind a tree', 'cows with tree in front of bushes behind a legs', 'cows with bushes in front of legs behind a tree', 'cows with legs in front of tree behind a bushes']",0.0,20.0,374.0,401.0
2365613,man riding a surfboard on a wave towards the shore with his head,6,4,2,0,2,"['shore riding a surfboard on a wave towards the man with his head', 'surfboard riding a man on a wave towards the shore with his head', 'man riding a surfboard on a wave towards the shore with his head', 'head riding a surfboard on a wave towards the shore with his man', 'man riding a shore on a wave towards the surfboard with his head']",3.0,67.0,465.0,306.0
2365678,"a plate with snacks on the table, and butterflies",6,4,2,0,2,"['a plate with snacks on the table, and picture', 'a butterflies with snacks on the table, and plate', 'a plate with dish on the table, and butterflies', 'a plate with bananas on the table, and butterflies', 'a bananas with snacks on the table, and butterflies']",0.0,6.0,499.0,488.0
2365918,"man in air catching a frisbee, wearing shorts",6,4,2,0,2,"['shorts in air catching a frisbee, wearing man', 'man in air catching a person, wearing shorts', 'man in air catching a dark shorts, wearing shorts', 'man in air catching a shorts, wearing frisbee', 'man in air catching a frisbee, wearing person']",48.0,2.0,284.0,497.0
2365952,two clocks on a building with windows,6,3,3,0,1,"['two windows on a building with clocks', 'two tower on a building with windows', 'two clocks on a building with tower', 'building on a two clocks with windows', 'tower on a building with windows']",69.0,64.0,337.0,364.0
2366988,there is a glass shard lying on the ground and a bottle under the board,6,4,2,0,2,"['there is a glass shard under the ground and a bottle lying on the board', 'there is a glass shard lying on the bottle and a ground under the board', 'there is a ground lying on the glass shard and a bottle under the board', 'there is a glass shard lying on the ground and a board under the bottle', 'there is a bottle lying on the ground and a glass shard under the board']",0.0,49.0,494.0,324.0
2368578,a bison standing on snow near an ocean with three cows,6,4,2,0,2,"['a bison standing on ocean near an snow with three cows', 'a three cows standing on snow near an ocean with bison', 'a bison near snow standing on an ocean with three cows', 'a ocean standing on snow near an bison with three cows', 'a bison standing on three cows near an ocean with snow']",1.0,224.0,363.0,274.0
2368600,a rider carrying a flag and a woman wearing jeans,6,4,2,0,2,"['a rider carrying a woman and a flag wearing jeans', 'a flag carrying a rider and a woman wearing jeans', 'a rider carrying a jeans and a woman wearing flag', 'a woman carrying a flag and a rider wearing jeans', 'a jeans carrying a flag and a woman wearing rider']",220.0,2.0,226.0,347.0
2368923,a woman's hand holding a fork on a plate,6,4,2,0,2,"[""a fork holding a woman's hand on a plate"", ""a plate holding a fork on a woman's hand"", ""a woman's hand holding a plate on a fork"", ""a woman's fork holding a hand on a plate"", ""a woman's plate holding a fork on a hand""]",24.0,0.0,350.0,494.0
2369096,children on the ground and a boy holding an umbrella,6,4,2,0,2,"['umbrella on the ground and a boy holding an children', 'ground on the children and a boy holding an umbrella', 'children on the ground and a umbrella holding an boy', 'boy on the ground and a children holding an umbrella', 'children on the umbrella and a boy holding an ground']",25.0,32.0,350.0,292.0
2369497,children standing on grass with a man wearing sunglasses,6,4,2,0,2,"['sunglasses standing on grass with a man wearing children', 'children standing on grass with a man are standing on sunglasses', 'grass standing on children with a man wearing sunglasses', 'children standing on sunglasses with a man wearing grass', 'man standing on grass with a children wearing sunglasses']",29.0,53.0,471.0,279.0
2369528,man in sky holding kite with ocean in the background,6,4,2,0,3,"['man in sky holding ocean with kite in the background', 'man in kite holding sky with ocean in the background', 'kite in sky holding man with ocean in the background', 'man in ocean holding kite with sky in the background', 'ocean in sky holding kite with man in the background']",71.0,14.0,191.0,237.0
2369636,a shirt under a jacket with a button on the sleeve,6,4,2,0,2,"['a suit under a jacket with a button on the sleeve', 'a shirt under a jacket with a button on the suit', 'a jacket under a shirt with a button on the sleeve', 'a shirt on a jacket with a buttunder on the sleeve', 'a shirt under a jacket with a suit on the sleeve']",0.0,144.0,297.0,297.0
2369759,box on shelf and scissors in container,6,4,2,0,2,"['box on shelf and container in scissors', 'scissors on shelf and box in container', 'box on scissors and shelf in container', 'box on container and scissors in shelf', 'container on shelf and scissors in box']",96.0,288.0,271.0,210.0
2370334,a hand sticking through a fence with a leaf on a branch,6,4,2,0,2,"['a leaf sticking through a fence with a hand on a branch', 'a hand on a fence with a leaf sticking through a branch', 'a hand sticking through a leaf with a fence on a branch', 'a branch sticking through a fence with a leaf on a hand', 'a fence sticking through a hand with a leaf on a branch']",0.0,65.0,276.0,248.0
2370536,doll being held up by people in a venue toward the sky,6,4,2,0,2,"['people being held up by doll in a venue toward the sky', 'sky being held up by people in a venue toward the doll', 'doll being held up by sky in a venue toward the people', 'doll being held up by people in a venue toward the sky', 'venue being held up by people in a doll toward the sky']",0.0,0.0,499.0,373.0
2359509,a cat laying on a desk with a laptop on its head,6,4,2,0,2,"['a desk laying on a cat with a laptop on its head', 'a head laying on a desk with a laptop on its cat', 'a cat laying on a head with a laptop on its desk', 'a cat laying on a laptop with a desk on its head', 'a laptop laying on a desk with a cat on its head']",0.0,0.0,484.0,371.0
2359521,a man wearing a crown and glasses next to a lamp,6,4,2,0,2,"['a lamp wearing a crown and glasses next to a man', 'a glasses wearing a crown and man next to a lamp', 'a crown wearing a man and glasses next to a lamp', 'a man wearing a crown and lamp next to a glasses', 'a man wearing a lamp and glasses next to a crown']",232.0,45.0,212.0,276.0
2359558,bird with head and feet on wood,6,4,2,0,2,"['bird with head and wood on feet', 'feet with head and bird on wood', 'bird with wood and feet on head', 'wood with head and feet on bird', 'head with bird and feet on wood']",78.0,95.0,392.0,233.0
2361289,a woman in some outfits and a man feeding a giraffe,6,4,2,0,2,"['a wooutfits in some man and a outfits feeding a giraffe', 'a woman in some giraffe and a man feeding a outfits', 'a giraffe in some outfits and a man feeding a woman', 'a wogiraffe in some outfits and a man feeding a man', 'a man in some outfits and a woman feeding a giraffe']",43.0,41.0,419.0,290.0
2361647,a character playing an instrument with a record player painted on a bus,6,4,2,0,2,"['a record player playing an instrument with a character painted on a bus', 'a character playing an instrument with a record player painted on a fries', 'a character playing an instrument with a party bus painted on a bus', 'a character playing an bus with a record player painted on a instrument', 'a instrument playing an character with a record player painted on a bus']",31.0,66.0,419.0,242.0
2362529,woman with jacket and man with sunglasses,6,4,2,0,2,"['wojacket with man and jacket with sunglasses', 'woman with jacket and man with sunglasses', 'man with jacket and woman with sunglasses', 'woman with sunglasses and man with jacket', 'sunglasses with jacket and man with woman']",163.0,4.0,197.0,327.0
2362559,a bag on the ground and a wire under a table,6,4,2,0,2,"['a table on the ground and a wire under a bag', 'a bag on the table and a wire under a ground', 'a wire on the ground and a bag under a table', 'a bag on the wire and a ground under a table', 'a bag under the ground and a wire on a table']",1.0,250.0,366.0,250.0
2362743,a man is laying on the sidewalk with his leg up. he is on the phone.,6,4,2,0,2,"['a sidewalk is laying on the man with his leg up. he is on the phone.', 'a man is laying on the sidewalk with his leg up. he is on the hand.', 'a man is laying on the sidewalk with his hand up. he is on the phone.', 'a man is laying on the hand with his leg up. he is on the phone.', 'a phone is laying on the sidewalk with his leg up. he is on the man.']",2.0,2.0,469.0,315.0
2363205,man wearing shirt and speaker against wall,6,4,2,0,2,"['man wearing shirt and wall against speaker', 'speaker wearing shirt and man against wall', 'wall wearing shirt and speaker against man', 'man wearing wall and speaker against shirt', 'man against shirt and speaker wearing wall']",89.0,0.0,286.0,499.0
2363443,bucket on ground; man wearing shirt,6,4,2,0,2,"['bucket on man; ground wearing shirt', 'bucket on shirt; man wearing ground', 'shirt on ground; man wearing bucket', 'man on ground; bucket wearing shirt', 'bucket on ground; shirt wearing man']",2.0,2.0,371.0,495.0
2363500,a dresser with drawers and a mouse on it. the knobs are on the drawers.,6,4,2,0,2,"['a knobs with drawers and a mouse on it. the dresser are on the drawers.', 'a dresser with mouse and a drawers on it. the knobs are on the mouse.', 'a drawers with dresser and a mouse on it. the knobs are on the dresser.', 'a dresser with drawers and a knobs on it. the mouse are on the drawers.', 'a dresser with knobs and a mouse on it. the drawers are on the knobs.']",5.0,214.0,274.0,155.0
2363615,"child getting on a bus with a hat, and another person getting on the bus.",6,4,2,0,2,"['person getting on a bus with a hat, and another child getting on the bus.', 'hat getting on a bus with a child, and another person getting on the bus.', 'bus getting on a child with a hat, and another person getting on the bus.', 'child getting on a person with a hat, and another bus getting on the person.', 'child getting on a bus with a person, and another hat getting on the bus.']",40.0,81.0,410.0,217.0
2363658,truck on top of road with license plate and person next to it,6,4,2,0,2,"['truck on top of man with license plate and person next to it', 'man on top of road with license plate and person next to it', 'road on top of truck with license plate and person next to it', 'truck on top of person with license plate and road next to it', 'person on top of road with license plate and truck next to it']",2.0,142.0,340.0,229.0
2363712,a cop by a horse and a manhole in the street,6,4,2,0,2,"['a manhole by a horse and a cop in the street', 'a cop by a street and a manhole in the horse', 'a horse by a cop and a manhole in the street', 'a cop by a horse and a street in the manhole', 'a street by a horse and a manhole in the cop']",1.0,293.0,330.0,206.0
2364292,a person with a camera is looking in a mirror on the wall,6,4,2,0,2,"['a person with a mirror is looking in a camera on the wall', 'a person with a camera is looking in a woman on the wall', 'a person with a camera is looking in a photographer on the wall', 'a person with a wall is looking in a mirror on the camera', 'a person with a woman is looking in a mirror on the wall']",59.0,10.0,268.0,290.0
2364450,a chub on a giraffe's head with the giraffe having dots,6,4,2,0,2,"[""a dots on a giraffe's head with the giraffe having chub"", ""a chub on a giraffe's dots with the giraffe having head"", ""a head on a giraffe's chub with the giraffe having dots"", ""a chub on a dots's head with the dots having giraffe"", ""a giraffe on a chub's head with the chub having dots""]",39.0,3.0,451.0,321.0
2364627,"a tariler behind a horse, with a hand on the horse",6,3,3,0,1,"['a horse behind a tariler, with a hand on the horse', 'a hand behind a horse, with a tariler on the horse', 'a tariler on a horse, with a hand behind the horse', 'a tariler being a horse, with a hand on the horse', 'a tariler behind a hand, with a horse on the hand']",1.0,1.0,377.0,420.0
2364679,kitchen with cabinet under sink and floors,6,4,2,0,2,"['kitchen with cabunderet in sunderk and floors', 'cabinet with kitchen under sink and floors', 'flooring with cabinet under sink and floors', 'sink with cabinet under kitchen and floors', 'kitchen with flooring under sink and floors']",1.0,0.0,497.0,333.0
2364724,a sign hangs from an overpass over a car on a street,6,4,2,0,2,"['a sign hangs from an street over a car on a overpass', 'a car hangs from an overpass over a sign on a street', 'a street hangs from an overpass over a car on a sign', 'a sign hangs from an car over a overpass on a street', 'a overpass hangs from an sign over a car on a street']",4.0,199.0,328.0,276.0
2364960,a car forming a train and a smoke stack emitting smoke,6,4,2,0,2,"['a car forming a smoke and a train stack emitting train', 'a smoke stack forming a train and a car emitting smoke', 'a car forming a smoke stack and a train emitting smoke', 'a smoke forming a train and a car stack emitting car', 'a train forming a car and a smoke stack emitting smoke']",0.0,0.0,407.0,266.0
2365171,ducks floating in water and a giraffe drinking from the lake,6,4,2,0,2,"['water floating in ducks and a giraffe drinking from the lake', 'ducks floating in giraffe and a water drinking from the lake', 'lake floating in water and a giraffe drinking from the ducks', 'ducks floating in water and a lake drinking from the giraffe', 'giraffe floating in water and a ducks drinking from the lake']",2.0,112.0,363.0,384.0
2365510,train crossing a river on tracks held up by a pillar,6,4,2,0,2,"['pillar crossing a river on tracks held up by a train', 'train holding a river on tracks held up by a pillar', 'train crossing a pillar on tracks held up by a river', 'tracks crossing a river on train held up by a pillar', 'river crossing a train on tracks held up by a pillar']",18.0,66.0,478.0,242.0
2359297,a starfish attached to a wall with a building behind a man,6,4,2,0,2,"['a starfish attached to a man with a building behind a wall', 'a building attached to a wall with a starfish behind a man', 'a starfish attached to a building with a wall behind a man', 'a man attached to a wall with a building behind a starfish', 'a wall attached to a starfish with a building behind a man']",153.0,0.0,344.0,330.0
2359362,a band is playing on a post. there is an attachmet for a sign.,6,4,2,0,2,"['a attachment is playing on a post. there is an attachmet for a sign.', 'a post is playing on a band. there is an attachmet for a sign.', 'a attachmet is playing on a post. there is an band for a sign.', 'a band is playing on a post. there is an sign for a attachmet.', 'a sign is playing on a post. there is an attachmet for a band.']",119.0,299.0,244.0,201.0
2359398,dish holding soap on a wall with a loofah,6,4,2,0,2,"['wall holding soap on a dish with a loofah', 'loofah holding soap on a wall with a dish', 'dish holding wall on a soap with a loofah', 'dish holding loofah on a wall with a soap', 'soap holding dish on a wall with a loofah']",5.0,2.0,341.0,330.0
2359475,kid with shirt and cigarette in nose,6,4,2,0,2,"['kid with shirt and man in nose', 'man with shirt and cigarette in nose', 'kid with man and cigarette in nose', 'shirt with kid and cigarette in nose', 'cigarette with shirt and kid in nose']",78.0,195.0,295.0,302.0
2359588,a road with houses in front and cables leading to a building.,6,4,2,0,2,"['a cables with houses in front and road leading to a building.', 'a building with houses in front and cables leading to a road.', 'a road with cables in front and houses leading to a building.', 'a road with building in front and cables leading to a houses.', 'a road with houses in front and building leading to a cables.']",0.0,79.0,372.0,419.0
2359650,a person holding a camera with a plant partially hidden behind a mirror,6,4,2,0,2,"['a person holding a plant with a camera partially hidden behind a mirror', 'a mirror holding a camera with a plant partially hidden behind a person', 'a plant holding a camera with a person partially hidden behind a mirror', 'a person holding a mirror with a plant partially hidden behind a camera', 'a camera holding a person with a plant partially hidden behind a mirror']",277.0,67.0,202.0,257.0
2359658,a boy and a man sitting at a table. the boy is wearing a shirt.,6,4,2,0,2,"['a table and a man sitting at a boy. the table is wearing a shirt.', 'a boy and a shirt sitting at a table. the boy is wearing a man.', 'a boy and a man sitting at a shirt. the boy is wearing a table.', 'a shirt and a man sitting at a table. the boy is wearing a boy.', 'a man and a boy sitting at a table. the man is wearing a shirt.']",15.0,95.0,332.0,270.0
2359715,a man is holding a cake with a candle on top. he is wearing jeans,6,4,2,0,2,"['a man is holding a jeans with a candle on top. he is wearing cake', 'a cake is holding a man with a candle on top. he is wearing jeans', 'a candle is holding a cake with a man on top. he is wearing jeans', 'a man is holding a cake with a jeans on top. he is wearing candle', 'a jeans is holding a cake with a candle on top. he is wearing man']",105.0,73.0,171.0,300.0
2359793,there is a rock on the ground and a bucket next to the woman,6,4,2,0,2,"['there is a rock on the woman and a bucket next to the ground', 'there is a ground on the rock and a bucket next to the woman', 'there is a bucket on the ground and a rock next to the woman', 'there is a rock on the bucket and a ground next to the woman', 'there is a woman on the ground and a bucket next to the rock']",0.0,119.0,372.0,376.0
2359842,a shadow on the pavement and a person behind a bus,6,4,2,0,2,"['a bus on the pavement and a person behind a shadow', 'a shadow on the bus and a person behind a pavement', 'a shadow on the pavement and a bus behind a person', 'a person on the pavement and a shadow behind a bus', 'a shadow behind the pavement and a person on a bus']",0.0,100.0,498.0,273.0
2359925,"a driver holding a rope, and a figure in a robe",6,4,2,0,2,"['a figure holding a rope, and a driver in a robe', 'a rope holding a driver, and a figure in a robe', 'a driver holding a figure, and a rope in a robe', 'a driver holding a rope, and a robe in a figure', 'a robe holding a rope, and a figure in a driver']",98.0,65.0,191.0,286.0
2359946,ground covered in snow with a rock on a slop,6,4,2,0,2,"['ground covered in rock with a snow on a slop', 'mountain covered in snow with a rock on a slop', 'ground covered in snow with a rock on a mountain', 'ground covered in snow with a mountain on a slop', 'ground covered in snow with a slope on a slop']",6.0,108.0,494.0,323.0
2359955,a tile on the floor and a wall with a pattern,6,4,2,0,2,"['a tile with the floor and a wall on a pattern', 'a pattern on the floor and a wall with a tile', 'a tile on the wall and a floor with a pattern', 'a wall on the floor and a tile with a pattern', 'a tile on the pattern and a wall with a floor']",3.0,1.0,371.0,497.0
2359956,man holding bat and catcher holding ball,6,4,2,0,2,"['ball holding bat and catcher holding man', 'bat holding man and catcher holding ball', 'man holding catcher and bat holding ball', 'man holding ball and catcher holding bat', 'catcher holding bat and man holding ball']",50.0,8.0,393.0,259.0
2360151,"men sitting at a table, one man is wearing a beard",6,4,2,0,2,"['table sitting at a men, one man is wearing a beard', 'men sitting at a beard, one man is wearing a table', 'men sitting at a man, one table is wearing a beard', 'men sitting at a table, one beard is wearing a man', 'men wearing a table, one man is sitting at a beard']",3.0,45.0,360.0,452.0
2360209,part of a railing on the side of a beachwalk next to the beach,6,4,2,0,2,"['part of a railing on the side of a fencewalk next to the fence', 'part of a railing on the side of a sidewalkwalk next to the sidewalk', 'part of a railing on the side of a guardrail next to the beach', 'part of a fence on the side of a beachwalk next to the beach', 'part of a cement on the side of a beachwalk next to the beach']",129.0,172.0,371.0,201.0
2360262,a sink beneath a mirror and a metal tank on the wall,6,4,2,0,2,"['a metal tank beneath a mirror and a sink on the wall', 'a sink beneath a mirror and a wall on the metal tank', 'a sink on a mirror and a metal tank beneath the wall', 'a sink beneath a wall and a metal tank on the mirror', 'a wall beneath a mirror and a metal tank on the sink']",305.0,4.0,193.0,368.0
2360349,a boulder in the ground and some rocks with giraffes,6,4,2,0,2,"['a boulder in the giraffes and some rocks with ground', 'a ground in the boulder and some rocks with giraffes', 'a rocks in the ground and some boulder with giraffes', 'a boulder in the rocks and some ground with giraffes', 'a giraffes in the ground and some rocks with boulder']",5.0,74.0,366.0,423.0
2360400,a boy holding a donut with a shirt that has a star wars painting,6,4,2,0,2,"['a star wars holding a donut with a shirt that has a boy painting', 'a donut holding a boy with a shirt that has a star wars painting', 'a boy painted on a donut with a shirt that has a star wars painting', 'a shirt holding a donut with a boy that has a star wars painting', 'a boy holding a star wars with a shirt that has a donut painting']",128.0,37.0,257.0,335.0
2360409,human sitting on foot with dog playing in snow,6,4,2,0,2,"['dog sitting on foot with human playing in snow', 'foot sitting on human with dog playing in snow', 'human playing in foot with dog sitting on snow', 'human sitting on dog with foot playing in snow', 'snow sitting on foot with dog playing in human']",17.0,42.0,467.0,308.0
2360621,a cow running in dirt and a man riding a horse,6,4,2,0,2,"['a cow running in horse and a man riding a dirt', 'a dirt running in cow and a man riding a horse', 'a man running in dirt and a cow riding a horse', 'a cow running in man and a dirt riding a horse', 'a cow running in dirt and a horse riding a man']",2.0,5.0,497.0,365.0
2360657,"a teddy bear on top of a bed, with a curtain that has an edge",6,4,2,0,2,"['a teddy bear on top of a edge, with a curtain that has an bed', 'a teddy bear on top of a curtain, with a bed that has an edge', 'a teddy bear on top of a curtains, with a curtain that has an edge', 'a teddy bear on top of a bed, with a curtain that has an curtains', 'a bed on top of a teddy bear, with a curtain that has an edge']",0.0,0.0,499.0,333.0
2360740,a person with long hair sitting on a bench and holding a purse,6,4,1,1,3,"['a purse with long hair sitting on a bench and holding a person', 'a person with long purse sitting on a bench and holding a hair', 'a hair with long person sitting on a bench and holding a purse', 'a bench with long hair sitting on a person and holding a purse', 'a person with long hair sitting on a purse and holding a bench']",112.0,107.0,271.0,180.0
2360971,a man wearing a jacket and golf ball on the grass.,6,4,2,0,2,"['a man wearing a grass and golf ball on the jacket.', 'a jacket wearing a man and golf ball on the grass.', 'a grass wearing a jacket and golf ball on the man.', 'a man wearing a jacket and grass on the golf ball.', 'a golf ball wearing a jacket and man on the grass.']",0.0,184.0,333.0,315.0
2360985,computer on a desk with a lamp on the floor,6,4,2,0,2,"['computer on a desk with a floor on the lamp', 'lamp on a desk with a computer on the floor', 'floor on a desk with a lamp on the computer', 'computer on a floor with a lamp on the desk', 'computer on a lamp with a desk on the floor']",186.0,27.0,313.0,302.0
2361096,woman wearing a tie with a barrette in her hair,6,4,2,0,2,"['clip wearing a tie with a barrette in her hair', 'woman wearing a tie with a pin in her hair', 'woman wearing a pin with a barrette in her hair', 'woman wearing a hair clip with a barrette in her hair', 'woman wearing a tie with a barrette in her clip']",51.0,2.0,271.0,498.0
2361127,a pole next to a store and a vehicle inside a lot,6,4,2,0,2,"['a pole inside of a store and a vehicle inside a lot', 'a pole next to a store and a lot inside a vehicle', 'a pole next to a store and a ground inside a lot', 'a pole next to a ground and a vehicle inside a lot', 'a pole next to a lot and a vehicle inside a store']",1.0,1.0,498.0,372.0
2361223,a flower sitting in a vase in front of a wall. there are rings on the wall.,6,4,2,0,2,"['a wall sitting in a vase in front of a flower. there are rings on the flower.', 'a rings sitting in a vase in front of a wall. there are flower on the wall.', 'a flower sitting in a vase in front of a rings. there are wall on the rings.', 'a flower sitting in a wall in front of a vase. there are rings on the vase.', 'a vase sitting in a flower in front of a wall. there are rings on the wall.']",3.0,1.0,426.0,497.0
2361378,surf board with ying yang. fin on bottom of surf board. there is a sand.,6,4,2,0,2,"['surf board with sand. fin on bottom of surf board. there is a ying yang.', 'surf board with ying yang. sand on bottom of surf board. there is a fin.', 'sand with ying yang. fin on bottom of surf board. there is a surf board.', 'surf board with surfboard. fin on bottom of surf board. there is a sand.', 'surfboard with ying yang. fin on bottom of surfboard. there is a sand.']",1.0,0.0,374.0,499.0
2361413,people standing in park and male holding disk game,6,4,2,0,2,"['people standing in park and frisbee holding disk game', 'disk standing in park and male holding people game', 'people standing in park and male holding boy game', 'people standing in park and male holding boy', 'male standing in park and people holding disk game']",0.0,2.0,499.0,373.0
2362215,a building with some windows in the background and another window in the foreground,6,4,2,0,2,"['a dark night time sky with some windows in the background and another window in the foreground', 'a building with some dark night time sky in the background and another window in the foreground', 'a building with some windows in the dark night time sky and another window in the foreground', 'a building with some backgrounds in the window and another background in the foreground', 'a building with some dark night time skys in the background and another window in the foreground']",63.0,18.0,263.0,213.0
2359299,cheese on a table and a vegetable in a bowl,6,4,2,0,2,"['cheese on a bowl and a vegetable in a table', 'bowl on a table and a vegetable in a cheese', 'cheese on a table and a bowl in a vegetable', 'vegetable on a table and a cheese in a bowl', 'cheese on a vegetable and a vegevegetable in a bowl']",18.0,86.0,465.0,398.0
2359340,a nose behind a shoe and an ear on a dog,6,4,2,0,2,"['a nose on a shoe and an ear behind a dog', 'a ear behind a shoe and an nose on a dog', 'a nose behind a dog and an ear on a shoe', 'a nose behind a shoe and an dog on a ear', 'a dog behind a shoe and an ear on a nose']",18.0,3.0,244.0,413.0
2359516,a sign on a street and a fence above a road,6,4,2,0,2,"['a sign above a street and a fence on a road', 'a fence on a street and a sign above a road', 'a street on a sign and a fence above a road', 'a sign on a fence and a street above a road', 'a sign on a street and a road above a fence']",1.0,83.0,497.0,291.0
2359654,a window on a building and a fence with a sign,6,4,2,0,2,"['a sign on a building and a fence with a window', 'a building on a window and a fence with a sign', 'a window on a fence and a building with a sign', 'a fence on a building and a window with a sign', 'a window on a sign and a fence with a building']",133.0,50.0,193.0,312.0
59,a board reads eroski and a restaurant sign is on the building,6,4,2,0,2,"['a board reads eroski and a building is on the restaurant sign', 'a board reads restaurant sign and a eroski is on the building', 'a board reads building and a restaurant sign is on the eroski', 'a building reads eroski and a restaurant sign is on the board', 'a restaurant sign reads eroski and a board is on the building']",347.0,0.0,450.0,397.0
352,a pumpkin sitting on a porch at the top of a wooden stairway,6,3,2,1,1,"['a pumpkin sitting on a porch at the top of a wooden stairway', 'a stairway sitting on a porch at the top of a wooden pumpkin', 'a porch sitting on a pumpkin at the top of a wooden stairway', 'a pumpkin leading to a porch at the top of a wooden stairway', 'a wooden stairway sitting on a porch at the top of a pumpkin']",57.0,100.0,740.0,497.0
1952,"person sitting on a white shirt on top of a blanket, under a tree",6,4,1,1,3,"['shirt sitting on a white person on top of a blanket, under a tree', 'person sitting on a white tree on top of a blanket, under a shirt', 'person sitting on a tree on top of a blanket, under a white shirt', 'tree sitting on a white shirt on top of a blanket, under a person', 'blanket sitting on a white shirt on top of a person, under a tree']",1.0,0.0,427.0,476.0
3165,a car on a street and a person in a shirt,6,4,2,0,2,"['a person on a street and a car in a shirt', 'a shirt on a street and a person in a car', 'a car on a person and a street in a shirt', 'a street on a car and a person in a shirt', 'a car on a shirt and a person in a street']",3.0,280.0,624.0,317.0
4015,tree above balcony with balcony doors leading to another balcony,6,4,2,0,2,"['doors above balcony with balcony tree leading to another balcony', 'tree above doors with doors balcony leading to another doors', 'tree above doors with balcony balcony leading to another doors', 'balcony above tree with tree doors leading to another tree', 'balcony above tree with balcony doors leading to another balcony']",96.0,4.0,276.0,306.0
2359358,"man walking on a sidewalk, wearing a coat and black hair",6,4,1,1,3,"['black hair walking on a sidewalk, wearing a coat and man', 'man walking on a hair, wearing a coat and black sidewalk', 'coat walking on a sidewalk, wearing a man and black hair', 'sidewalk walking on a man, wearing a coat and black hair', 'hair walking on a sidewalk, wearing a coat and black man']",118.0,129.0,381.0,245.0
2360776,a lady is sitting on some benches with a tree behind her. she is wearing a hat.,6,4,2,0,2,"['a benches is sitting on some lady with a tree behind her. she is wearing a hat.', 'a lady is sitting on some tree with a benches behind her. she is wearing a hat.', 'a lady is sitting on some benches with a hat behind her. she is wearing a tree.', 'a tree is sitting on some benches with a lady behind her. she is wearing a hat.', 'a hat is sitting on some benches with a tree behind her. she is wearing a lady.']",1.0,2.0,496.0,310.0
2360816,a basket on a bicycle with people in a jacket,6,4,2,0,2,"['a people on a bicycle with basket in a jacket', 'a basket on a people with bicycle in a jacket', 'a jacket on a bicycle with people in a basket', 'a basket on a jacket with people in a bicycle', 'a basket on a bicycle with jacket in a people']",0.0,86.0,267.0,272.0
2360940,"a yellow spot on the road, and a tree stump near the road",6,3,2,1,1,"['a yellow tree stump on the road, and a spot near the road', 'a road on the yellow spot, and a tree stump near the road', 'a yellow spot on the tree stump, and a road near the tree stump', 'a road on the yellow spot, and a tree stump near the yellow spot', 'a yellow road on the spot, and a tree stump near the spot']",0.0,204.0,319.0,169.0
2360963,woman looking at a lady wearing blue jeans and carrying a shopping basket,6,4,1,1,3,"['woman looking at a lady wearing shopping basket and carrying a blue jeans', 'lady looking at a woman wearing blue jeans and carrying a shopping basket', 'jeans looking at a lady wearing blue woman and carrying a shopping basket', 'blue jeans looking at a lady wearing woman and carrying a shopping basket', 'shopping basket looking at a lady wearing blue jeans and carrying a woman']",59.0,41.0,231.0,264.0
2361072,paper tag connected to blue luggage. there is a brown handle.,6,3,1,2,2,"['handle connected to blue luggage. there is a brown paper tag.', 'paper tag connected to brown luggage. there is a blue handle.', 'paper tag connected to blue handle. there is a brown luggage.', 'paper tag connected to handle. there is a brown blue luggage.', 'paper tag connected to brown handle. there is a blue luggage.']",87.0,70.0,191.0,262.0
2361282,lines painted on road with a manhole in the street.,6,4,2,0,2,"['manhole painted on road with a lines in the street.', 'lpainted ones papainted onted on road with a manhole painted on the street.', 'lines painted on manhole with a road in the street.', 'lines painted on road with a street in the manhole.', 'street painted on road with a manhole in the lines.']",107.0,294.0,223.0,202.0
2361720,a baby sleeping in a blanket and a mother smiling at her child,6,4,2,0,2,"['a blanket sleeping in a baby and a mother smiling at her child', 'a baby sleeping in a child and a mother smiling at her blanket', 'a baby smiling at a blanket and a mother sleeping in her child', 'a baby sleeping in a blanket and a child smiling at her mother', 'a mother sleeping in a blanket and a baby smiling at her child']",126.0,0.0,373.0,332.0
2361729,"a case with a latch and a sticker, and snow in the background",6,4,2,0,2,"['a sticker with a latch and a case, and snow in the background', 'a case with a sticker and a latch, and snow in the background', 'a case with a snow and a sticker, and latch in the background', 'a snow with a latch and a sticker, and case in the background', 'a case with a latch and a snow, and sticker in the background']",105.0,5.0,314.0,162.0
2361754,boy in pickup truck and another boy wearing a shirt,6,4,2,0,2,"['shirt in pickup truck and another shirt wearing a boy', 'truck in pickup boy and another truck wearing a shirt', 'boy in pickup shirt and another boy wearing a truck', 'pickup truck in boy and another pickup truck wearing a shirt', 'shirt in pickup truck and another boy wearing a boy']",1.0,76.0,405.0,252.0
2360225,a bush behind a tree and a home across from a hydrant,6,4,2,0,2,"['a bush behind a hydrant and a home across from a tree', 'a tree behind a bush and a home across from a hydrant', 'a bush across from a tree and a home behind a hydrant', 'a home behind a tree and a bush across from a hydrant', 'a hydrant behind a tree and a home across from a bush']",101.0,0.0,386.0,373.0
2361052,a bicycle leaning on a fridge and a motorcycle with bars,6,4,2,0,2,"['a fridge leaning on a bicycle and a motorcycle with bars', 'a bicycle leaning on a fridge and a bars with motorcycle', 'a bicycle leaning on a bars and a motorcycle with fridge', 'a motorcycle leaning on a fridge and a bicycle with bars', 'a bars leaning on a fridge and a motorcycle with bicycle']",61.0,155.0,312.0,339.0
2361397,"a large tree next to a bench, with a shadow on the tree",6,3,2,1,1,"['a large bench next to a tree, with a shadow on the bench', 'a shadow next to a bench, with a large tree on the tree', 'a large shadow next to a bench, with a tree on the shadow', 'a large tree next to a shadow, with a bench on the tree', 'a large tree on a bench, with a shadow next to the tree']",13.0,11.0,437.0,468.0
2362687,"female rider riding horse, horse jumping over gate",6,3,2,1,1,"['female gate riding horse, horse jumping over rider', 'female rider jumping over horse, horse riding gate', 'horse riding female rider, horse jumping over gate', 'horse riding female rider, female rider jumping over gate', 'gate riding horse, horse jumping over female rider']",65.0,14.0,277.0,278.0
2360121,man pulling cow on a line on the road,6,4,2,0,2,"['road pulling cow on a line on the man', 'cow pulling man on a line on the road', 'man pulling cow on a road on the line', 'man pulling road on a line on the cow', 'line pulling cow on a man on the road']",10.0,75.0,474.0,292.0
2361135,a bag on the ground and a cat with a tail,6,4,2,0,2,"['a bag on the tail and a cat with a ground', 'a cat on the ground and a bag with a tail', 'a tail on the ground and a cat with a bag', 'a ground on the bag and a cat with a tail', 'a bag on the cat and a ground with a tail']",100.0,18.0,399.0,283.0
2361158,woman with sunglasses and shirt. the pole is of the woman.,6,4,2,0,2,"['woman with pole and shirt. the sunglasses is of the woman.', 'woman with shirt and sunglasses. the pole is of the woman.', 'shirt with sunglasses and woman. the pole is of the shirt.', 'sunglasses with woman and shirt. the pole is of the sunglasses.', 'pole with sunglasses and shirt. the woman is of the pole.']",131.0,62.0,155.0,267.0
2362504,a sculpture on the side of a tower with a dome on top of a building.,6,4,2,0,2,"['a dome on the side of a tower with a sculpture on top of a building.', 'a sculpture on the side of a dome with a tower on top of a building.', 'a tower on the side of a sculpture with a dome on top of a building.', 'a sculpture on the side of a tower with a building on top of a dome.', 'a building on the side of a tower with a dome on top of a sculpture.']",30.0,5.0,294.0,487.0
2362660,man riding a statue in front of a tall clocktower,6,3,2,1,1,"['tall clocktower riding a statue in front of a man', 'man riding a tall clocktower in front of a statue', 'statue riding a man in front of a tall clocktower', 'man behind a statue in front of a tall clocktower', 'man riding a clocktower in front of a tall statue']",95.0,0.0,403.0,331.0
2363002,man with a laptop and the refections of some sailboats,6,4,2,0,2,"['man with a laptop and the sailboats of some refections', 'refections with a laptop and the man of some sailboats', 'man with a sailboats and the refections of some laptop', 'sailboats with a laptop and the refections of some man', 'man with a refections and the laptop of some sailboats']",37.0,72.0,410.0,229.0
2363028,there is a light on a spoon and a kettle on a fridge,6,4,2,0,2,"['there is a light on a fridge and a kettle on a spoon', 'there is a light on a kettle and a spoon on a fridge', 'there is a light on a spoon and a fridge on a kettle', 'there is a kettle on a spoon and a light on a fridge', 'there is a fridge on a spoon and a kettle on a light']",257.0,87.0,233.0,221.0
2363258,man with hand and child wearing diaper,6,4,2,0,2,"['man with hand and diaper wearing child', 'man with diaper and child wearing hand', 'child with hand and man wearing diaper', 'diaper with hand and child wearing man', 'hand with man and child wearing diaper']",0.0,3.0,231.0,447.0
2364710,there is a reflection on the table and the paper has printing,6,4,2,0,2,"['there is a reflection on the printing and the paper has table', 'there is a paper on the table and the reflection has printing', 'there is a table on the reflection and the paper has printing', 'there is a printing on the table and the paper has reflection', 'there is a reflection on the paper and the table has printing']",2.0,1.0,496.0,373.0
2364745,bear wearing hat. suspender on bear. there is a wall.,6,4,2,0,2,"['hat wearing bear. suspender on hat. there is a wall.', 'wall wearing hat. suspender on wall. there is a bear.', 'bear wearing hat. wall on bear. there is a suspender.', 'suspender wearing hat. bear on suspender. there is a wall.', 'bear wearing wall. suspender on bear. there is a hat.']",43.0,65.0,190.0,295.0
2367715,"a towel rack with a towel on it, next to a sink on a wall.",6,4,2,0,2,"['a sink rack with a sink on it, next to a towel on a wall.', 'a rack towel with a rack on it, next to a sink on a wall.', 'a towel wall with a towel on it, next to a sink on a rack.', 'a towel sink with a towel on it, next to a rack on a wall.', 'a wall rack with a wall on it, next to a sink on a towel.']",0.0,1.0,369.0,276.0
2368091,a baby's feet and hand in a sink,6,4,2,0,2,"[""a baby's sink and hand in a feet"", ""a baby's feet and sink in a hand"", ""a sink's feet and hand in a baby"", ""a hand's feet and baby in a sink"", ""a baby's hand and feet in a sink""]",123.0,59.0,258.0,293.0
2368484,a fridge on the ground with a door on the refrigerator.,6,4,2,0,2,"['a refrigerator on the ground with a door on the fridge.', 'a fridge on the door with a ground on the refrigerator.', 'a fridge on the refrigerator with a door on the ground.', 'a ground on the fridge with a door on the refrigerator.', 'a door on the ground with a fridge on the refrigerator.']",89.0,27.0,363.0,304.0
2370579,the legs of a woman and the leg2 of a surfer girl,6,4,2,0,2,"['the legs of a surfer girl and the leg2 of a woman', 'the girl of a woman and the leg2 of a surfer legs', 'the girls of a woman and the girl2 of a surfer leg', 'the girls of a woman and the leg2 of a surfer leg', 'the womans of a leg and the woman2 of a surfer girl']",32.0,15.0,433.0,348.0
2360093,a boy with an ear on his hand near a table,6,4,2,0,2,"['a hand with an ear on his boy near a table', 'a ear with an boy on his hand near a table', 'a boy with an ear on his table near a hand', 'a table with an ear on his hand near a boy', 'a boy with an table on his hand ntable a ear']",4.0,41.0,325.0,456.0
2362993,"a bus behind a house, with a red brick on the house",6,3,2,1,1,"['a brick behind a house, with a red bus on the house', 'a house behind a bus, with a red brick on the bus', 'a house behind a bus, with a red brick on the house', 'a red brick behind a house, with a bus on the house', 'a bus on a house, with a red brick behind the house']",54.0,1.0,362.0,308.0
2363266,a clock on someone's wrist and a man standing with a woman,6,4,2,0,2,"[""a clock on someone's woman and a man standing with a wrist"", ""a woman on someone's wrist and a man standing with a clock"", ""a man on someone's wrist and a clock standing with a woman"", ""a wrist on someone's clock and a man standing with a woman"", ""a clock on someone's man and a wrist standing with a woman""]",183.0,27.0,147.0,284.0
2364221,coffee mug on table with cartoon on mug,6,4,2,0,2,"['coffee coffee mug on table with cartoon on coffee mug', 'coffee cartoon on table with mug on cartoon', 'table on coffee mug with cartoon on mug', 'coffee mug on cartoon with table on mug', 'coffee table on mug with cartoon on table']",53.0,0.0,321.0,178.0
2364895,man smoking a cigarette with his finger down,6,4,2,0,2,"['finger smoking a cigarette with his man down', 'man smoking a cigarette with his skater down', 'man smoking a cigarette with his finger skater', 'cigarette smoking a man with his finger down', 'man smoking a skater with his finger down']",10.0,53.0,341.0,341.0
2359378,man has a face and is talking on the phone with a wall behind him,6,4,2,0,2,"['wall has a face and is talking on the phone with a man behind him', 'man has a wall and is talking on the phone with a face behind him', 'phone has a face and is talking on the man with a wall behind him', 'face has a man and is talking on the phone with a wall behind him', 'man has a face and is talking on the wall with a phone behind him']",2.0,1.0,498.0,331.0
2359399,flower in garden box; bench between box,6,4,2,0,2,"['box in garden flower; bench between flower', 'flower in garden bench; box between bench', 'flower in bench; garden box between box', 'bench in garden box; flower between box', 'garden box in flower; bench between box']",129.0,87.0,330.0,237.0
2359410,"two bears, one with a bow around it, and the other with a bow",6,3,2,1,1,"['two bows, one with a bear around it, and the other with a bow', 'two bow, one with a bears around it, and the other with a bow', 'two bows, one with a bear around it, and the other with a bear', 'two bears, one with a bow around it, and the other with a bow', 'two bow, one with a bears around it, and the other with a bears']",0.0,180.0,331.0,311.0
2359511,a screw on a fire hydrant and a chain connected to a hydrant,6,4,2,0,2,"['a screw on a fire hydrant and a chain connected to a hydrant', 'a screw on a chain and a fire hydrant connected to a hydrant', 'a screw on a fire chain and a hydrant connected to a chain', 'a hydrant on a fire screw and a chain connected to a hydrant', 'a hydrant on a fire screw and a chain connected to a screw']",5.0,2.0,392.0,325.0
2359680,light on a pole and light2 lining a skate park,6,4,2,0,2,"['light on a park and light2 lining a skate pole', 'park on a pole and light2 lining a skate light', 'skate park on a pole and light2 lining a light', 'pole on a light and pole2 lining a skate park', 'park on a pole and park2 lining a skate light']",23.0,25.0,431.0,298.0
2360212,"a framed photo hung on a yellow wall, with a mirror next to it",6,3,2,1,1,"['a framed wall hung on a yellow photo, with a mirror next to it', 'a framed yellow wall hung on a photo, with a mirror next to it', 'a wall hung on a yellow framed photo, with a mirror next to it', 'a yellow wall hung on a framed photo, with a mirror next to it', 'a framed mirror hung on a yellow wall, with a photo next to it']",190.0,8.0,289.0,347.0
2360411,blue bowl on counter. there is a mutlicolored table.,6,3,1,2,2,"['table on counter. there is a mutlicolored blue bowl.', 'blue bowl on table. there is a mutlicolored counter.', 'mutlicolored bowl on counter. there is a blue table.', 'blue counter on bowl. there is a mutlicolored table.', 'blue table on counter. there is a mutlicolored bowl.']",8.0,2.0,486.0,369.0
2360862,animal has a claw and is next to a pine tree,6,3,2,1,1,"['pine tree has a claw and is next to a animal', 'animal has a pine tree and is next to a claw', 'tree has a claw and is next to a pine animal', 'animal has a tree and is next to a pine claw', 'claw has a animal and is next to a pine tree']",135.0,2.0,325.0,258.0
2361464,chef wearing an apron and a vent over the food bank,6,4,2,0,2,"['vent wearing an apron and a chef over the food bank', 'chef over an apron and a vent wearing the food bank', 'chef wearing an food bank and a vent over the apron', 'food bank wearing an apron and a vent over the chef', 'chef wearing an apron and a food bank over the vent']",2.0,1.0,496.0,325.0
2359363,man riding board on river near tree,6,4,2,0,2,"['river riding board on man near tree', 'man riding tree on river near board', 'tree riding board on river near man', 'board riding man on river near tree', 'man near board on river riding tree']",2.0,0.0,497.0,373.0
